time, epoch, train_l1, val_l1, val_psnr, val_ssim, val_cnr, val_gcnr, val_ks_stat, val_ks_p, is_best, best_metric, best_value, best_checkpoint
2025-10-13 21:11:30,1,0.065612,0.064973,17.2226,0.5329,0.6374,1.6027,0.5909,0.0000,False,ssim,0.545568,
2025-10-13 21:14:05,2,0.061412,0.058900,18.2875,0.5676,0.6168,1.6005,0.5833,0.0000,True,ssim,0.567614,D:\Downloads\NSU\CSE498R\UnetDehazing\Dehazing\Notebooks\checkpoints\best_epoch_002.pt
2025-10-13 21:16:41,3,0.056523,0.054288,18.3507,0.6042,0.4926,1.9718,0.2392,0.0000,True,ssim,0.604187,D:\Downloads\NSU\CSE498R\UnetDehazing\Dehazing\Notebooks\checkpoints\best_epoch_003.pt
2025-10-13 21:19:20,4,0.051545,0.049889,19.2276,0.6199,0.5419,1.8826,0.2108,0.0000,True,ssim,0.619900,D:\Downloads\NSU\CSE498R\UnetDehazing\Dehazing\Notebooks\checkpoints\best_epoch_004.pt
2025-10-13 21:22:06,5,0.047080,0.045908,19.9818,0.6366,0.5180,1.9418,0.1571,0.0000,True,ssim,0.636566,D:\Downloads\NSU\CSE498R\UnetDehazing\Dehazing\Notebooks\checkpoints\best_epoch_005.pt
2025-10-13 21:24:43,6,0.043554,0.042342,20.5574,0.6606,0.5500,1.8653,0.5839,0.0000,True,ssim,0.660640,D:\Downloads\NSU\CSE498R\UnetDehazing\Dehazing\Notebooks\checkpoints\best_epoch_006.pt
2025-10-13 21:27:33,7,0.040763,0.040892,20.8227,0.6644,0.5052,1.9926,0.1565,0.0000,True,ssim,0.664413,D:\Downloads\NSU\CSE498R\UnetDehazing\Dehazing\Notebooks\checkpoints\best_epoch_007.pt
2025-10-13 21:30:13,8,0.038775,0.038634,21.2536,0.6816,0.5308,1.8882,0.5847,0.0000,True,ssim,0.681578,D:\Downloads\NSU\CSE498R\UnetDehazing\Dehazing\Notebooks\checkpoints\best_epoch_008.pt
2025-10-13 21:32:51,9,0.037107,0.038508,21.2574,0.6861,0.5017,1.9611,0.5818,0.0000,True,ssim,0.686057,D:\Downloads\NSU\CSE498R\UnetDehazing\Dehazing\Notebooks\checkpoints\best_epoch_009.pt
2025-10-13 21:35:29,10,0.035808,0.035729,21.7906,0.6966,0.5123,1.9484,0.5811,0.0000,True,ssim,0.696578,D:\Downloads\NSU\CSE498R\UnetDehazing\Dehazing\Notebooks\checkpoints\best_epoch_010.pt
2025-10-13 21:38:10,11,0.034701,0.035267,22.0042,0.6989,0.5251,1.8948,0.5369,0.0000,True,ssim,0.698901,D:\Downloads\NSU\CSE498R\UnetDehazing\Dehazing\Notebooks\checkpoints\best_epoch_011.pt
2025-10-13 21:40:47,12,0.033707,0.034861,22.2293,0.7048,0.5305,1.8825,0.5887,0.0000,True,ssim,0.704817,D:\Downloads\NSU\CSE498R\UnetDehazing\Dehazing\Notebooks\checkpoints\best_epoch_012.pt
2025-10-13 21:43:37,13,0.032999,0.033578,22.3893,0.7032,0.5154,1.9237,0.1600,0.0000,False,ssim,0.704817,D:\Downloads\NSU\CSE498R\UnetDehazing\Dehazing\Notebooks\checkpoints\best_epoch_012.pt
2025-10-13 21:46:17,14,0.032288,0.032857,22.5062,0.7142,0.5037,1.9622,0.5835,0.0000,True,ssim,0.714233,D:\Downloads\NSU\CSE498R\UnetDehazing\Dehazing\Notebooks\checkpoints\best_epoch_014.pt
2025-10-13 21:49:02,15,0.031604,0.031946,22.7331,0.7149,0.5129,1.9491,0.1908,0.0000,True,ssim,0.714852,D:\Downloads\NSU\CSE498R\UnetDehazing\Dehazing\Notebooks\checkpoints\best_epoch_015.pt
2025-10-13 21:51:43,16,0.031003,0.031979,22.6760,0.7156,0.5077,1.9614,0.5748,0.0000,True,ssim,0.715565,D:\Downloads\NSU\CSE498R\UnetDehazing\Dehazing\Notebooks\checkpoints\best_epoch_016.pt
2025-10-13 21:54:32,17,0.030559,0.031405,22.8476,0.7188,0.5003,1.9935,0.1570,0.0000,True,ssim,0.718763,D:\Downloads\NSU\CSE498R\UnetDehazing\Dehazing\Notebooks\checkpoints\best_epoch_017.pt
2025-10-13 21:57:25,18,0.030027,0.031149,22.9622,0.7193,0.5066,1.9748,0.1505,0.0000,True,ssim,0.719289,D:\Downloads\NSU\CSE498R\UnetDehazing\Dehazing\Notebooks\checkpoints\best_epoch_018.pt
2025-10-13 22:00:18,19,0.029607,0.030750,23.2017,0.7237,0.5257,1.9097,0.1476,0.0000,True,ssim,0.723668,D:\Downloads\NSU\CSE498R\UnetDehazing\Dehazing\Notebooks\checkpoints\best_epoch_019.pt
2025-10-13 22:02:58,20,0.029184,0.030180,23.2232,0.7310,0.5049,1.9723,0.5790,0.0000,True,ssim,0.731021,D:\Downloads\NSU\CSE498R\UnetDehazing\Dehazing\Notebooks\checkpoints\best_epoch_020.pt
2025-10-13 22:05:41,21,0.028783,0.030413,23.2599,0.7327,0.5086,1.9379,0.5853,0.0000,True,ssim,0.732669,D:\Downloads\NSU\CSE498R\UnetDehazing\Dehazing\Notebooks\checkpoints\best_epoch_021.pt
2025-10-13 22:08:21,22,0.028388,0.029951,23.4086,0.7340,0.5285,1.8932,0.5849,0.0000,True,ssim,0.734029,D:\Downloads\NSU\CSE498R\UnetDehazing\Dehazing\Notebooks\checkpoints\best_epoch_022.pt
2025-10-13 22:11:00,23,0.028105,0.029348,23.4707,0.7373,0.5045,1.9547,0.5801,0.0000,True,ssim,0.737345,D:\Downloads\NSU\CSE498R\UnetDehazing\Dehazing\Notebooks\checkpoints\best_epoch_023.pt
2025-10-13 22:13:40,24,0.027789,0.029051,23.4984,0.7364,0.5068,1.9694,0.5917,0.0000,False,ssim,0.737345,D:\Downloads\NSU\CSE498R\UnetDehazing\Dehazing\Notebooks\checkpoints\best_epoch_023.pt
2025-10-13 22:16:21,25,0.027475,0.028979,23.6028,0.7383,0.5097,1.9502,0.5730,0.0000,True,ssim,0.738298,D:\Downloads\NSU\CSE498R\UnetDehazing\Dehazing\Notebooks\checkpoints\best_epoch_025.pt
2025-10-13 22:19:03,26,0.027182,0.028388,23.7376,0.7383,0.5118,1.9597,0.2254,0.0000,False,ssim,0.738298,D:\Downloads\NSU\CSE498R\UnetDehazing\Dehazing\Notebooks\checkpoints\best_epoch_025.pt
2025-10-13 22:21:43,27,0.026946,0.028374,23.7772,0.7424,0.5171,1.9296,0.5865,0.0000,True,ssim,0.742415,D:\Downloads\NSU\CSE498R\UnetDehazing\Dehazing\Notebooks\checkpoints\best_epoch_027.pt
2025-10-13 22:24:28,28,0.026656,0.028051,23.8665,0.7401,0.5165,1.9369,0.1858,0.0000,False,ssim,0.742415,D:\Downloads\NSU\CSE498R\UnetDehazing\Dehazing\Notebooks\checkpoints\best_epoch_027.pt
2025-10-13 22:27:16,29,0.026438,0.027876,23.8395,0.7399,0.5056,1.9774,0.1824,0.0000,False,ssim,0.742415,D:\Downloads\NSU\CSE498R\UnetDehazing\Dehazing\Notebooks\checkpoints\best_epoch_027.pt
2025-10-13 22:29:51,30,0.026158,0.027458,24.0390,0.7451,0.5101,1.9481,0.5444,0.0000,True,ssim,0.745133,D:\Downloads\NSU\CSE498R\UnetDehazing\Dehazing\Notebooks\checkpoints\best_epoch_030.pt
2025-10-13 22:32:25,31,0.025946,0.027566,24.0298,0.7467,0.5101,1.9502,0.5859,0.0000,True,ssim,0.746654,D:\Downloads\NSU\CSE498R\UnetDehazing\Dehazing\Notebooks\checkpoints\best_epoch_031.pt
2025-10-13 22:35:13,32,0.025754,0.027680,24.0603,0.7446,0.5150,1.9463,0.1365,0.0004,False,ssim,0.746654,D:\Downloads\NSU\CSE498R\UnetDehazing\Dehazing\Notebooks\checkpoints\best_epoch_031.pt
2025-10-13 22:37:47,33,0.025517,0.027303,24.0984,0.7508,0.5061,1.9737,0.5824,0.0000,True,ssim,0.750811,D:\Downloads\NSU\CSE498R\UnetDehazing\Dehazing\Notebooks\checkpoints\best_epoch_033.pt
2025-10-13 22:40:22,34,0.025410,0.026805,24.2403,0.7502,0.5102,1.9458,0.5770,0.0000,False,ssim,0.750811,D:\Downloads\NSU\CSE498R\UnetDehazing\Dehazing\Notebooks\checkpoints\best_epoch_033.pt
2025-10-13 22:42:57,35,0.025204,0.026782,24.2783,0.7517,0.5099,1.9418,0.5764,0.0000,True,ssim,0.751738,D:\Downloads\NSU\CSE498R\UnetDehazing\Dehazing\Notebooks\checkpoints\best_epoch_035.pt
2025-10-13 22:45:46,36,0.025028,0.027089,24.2386,0.7488,0.5051,1.9726,0.1368,0.0002,False,ssim,0.751738,D:\Downloads\NSU\CSE498R\UnetDehazing\Dehazing\Notebooks\checkpoints\best_epoch_035.pt
2025-10-13 22:48:35,37,0.024851,0.026661,24.2863,0.7494,0.5067,1.9644,0.1368,0.0000,False,ssim,0.751738,D:\Downloads\NSU\CSE498R\UnetDehazing\Dehazing\Notebooks\checkpoints\best_epoch_035.pt
2025-10-13 22:51:11,38,0.024630,0.026584,24.4460,0.7570,0.5204,1.9117,0.5869,0.0000,True,ssim,0.757038,D:\Downloads\NSU\CSE498R\UnetDehazing\Dehazing\Notebooks\checkpoints\best_epoch_038.pt
2025-10-13 22:53:45,39,0.024497,0.026048,24.4567,0.7533,0.5059,1.9607,0.4864,0.0000,False,ssim,0.757038,D:\Downloads\NSU\CSE498R\UnetDehazing\Dehazing\Notebooks\checkpoints\best_epoch_038.pt
2025-10-13 22:56:21,40,0.024353,0.026031,24.5185,0.7552,0.5139,1.9358,0.2635,0.0000,False,ssim,0.757038,D:\Downloads\NSU\CSE498R\UnetDehazing\Dehazing\Notebooks\checkpoints\best_epoch_038.pt
2025-10-13 22:59:10,41,0.024204,0.026016,24.5573,0.7544,0.5113,1.9515,0.1361,0.0000,False,ssim,0.757038,D:\Downloads\NSU\CSE498R\UnetDehazing\Dehazing\Notebooks\checkpoints\best_epoch_038.pt
2025-10-13 23:01:45,42,0.024094,0.025777,24.5764,0.7581,0.5083,1.9561,0.5867,0.0000,True,ssim,0.758135,D:\Downloads\NSU\CSE498R\UnetDehazing\Dehazing\Notebooks\checkpoints\best_epoch_042.pt
2025-10-13 23:04:20,43,0.023935,0.025598,24.6382,0.7596,0.5040,1.9618,0.5783,0.0000,True,ssim,0.759635,D:\Downloads\NSU\CSE498R\UnetDehazing\Dehazing\Notebooks\checkpoints\best_epoch_043.pt
2025-10-13 23:07:05,44,0.023817,0.025844,24.5986,0.7570,0.5210,1.9138,0.1705,0.0001,False,ssim,0.759635,D:\Downloads\NSU\CSE498R\UnetDehazing\Dehazing\Notebooks\checkpoints\best_epoch_043.pt
2025-10-13 23:09:54,45,0.023647,0.025429,24.7053,0.7580,0.5050,1.9733,0.1381,0.0005,False,ssim,0.759635,D:\Downloads\NSU\CSE498R\UnetDehazing\Dehazing\Notebooks\checkpoints\best_epoch_043.pt
2025-10-13 23:12:29,46,0.023558,0.025462,24.6346,0.7592,0.4999,1.9836,0.2468,0.0000,False,ssim,0.759635,D:\Downloads\NSU\CSE498R\UnetDehazing\Dehazing\Notebooks\checkpoints\best_epoch_043.pt
2025-10-13 23:15:04,47,0.023456,0.025661,24.7114,0.7661,0.5154,1.9270,0.5831,0.0000,True,ssim,0.766063,D:\Downloads\NSU\CSE498R\UnetDehazing\Dehazing\Notebooks\checkpoints\best_epoch_047.pt
2025-10-13 23:17:52,48,0.023310,0.025269,24.7582,0.7597,0.5004,1.9861,0.1413,0.0001,False,ssim,0.766063,D:\Downloads\NSU\CSE498R\UnetDehazing\Dehazing\Notebooks\checkpoints\best_epoch_047.pt
2025-10-13 23:20:28,49,0.023215,0.025067,24.8383,0.7628,0.5098,1.9493,0.5821,0.0000,False,ssim,0.766063,D:\Downloads\NSU\CSE498R\UnetDehazing\Dehazing\Notebooks\checkpoints\best_epoch_047.pt
2025-10-13 23:23:16,50,0.023123,0.024883,24.8843,0.7620,0.5106,1.9519,0.1356,0.0000,False,ssim,0.766063,D:\Downloads\NSU\CSE498R\UnetDehazing\Dehazing\Notebooks\checkpoints\best_epoch_047.pt
2025-10-13 23:25:52,51,0.023006,0.025066,24.8932,0.7679,0.5096,1.9484,0.5857,0.0000,True,ssim,0.767891,D:\Downloads\NSU\CSE498R\UnetDehazing\Dehazing\Notebooks\checkpoints\best_epoch_051.pt
2025-10-13 23:28:26,52,0.022899,0.024977,24.9186,0.7678,0.5113,1.9382,0.5841,0.0000,False,ssim,0.767891,D:\Downloads\NSU\CSE498R\UnetDehazing\Dehazing\Notebooks\checkpoints\best_epoch_051.pt
2025-10-13 23:31:15,53,0.022847,0.024836,24.8995,0.7623,0.5017,1.9803,0.1373,0.0008,False,ssim,0.767891,D:\Downloads\NSU\CSE498R\UnetDehazing\Dehazing\Notebooks\checkpoints\best_epoch_051.pt
2025-10-13 23:33:57,54,0.022680,0.024862,24.8838,0.7638,0.5080,1.9632,0.1951,0.0000,False,ssim,0.767891,D:\Downloads\NSU\CSE498R\UnetDehazing\Dehazing\Notebooks\checkpoints\best_epoch_051.pt
2025-10-13 23:36:46,55,0.022614,0.025016,24.9469,0.7639,0.5120,1.9369,0.1373,0.0000,False,ssim,0.767891,D:\Downloads\NSU\CSE498R\UnetDehazing\Dehazing\Notebooks\checkpoints\best_epoch_051.pt
2025-10-13 23:39:21,56,0.022490,0.024648,24.9462,0.7653,0.5088,1.9545,0.5715,0.0000,False,ssim,0.767891,D:\Downloads\NSU\CSE498R\UnetDehazing\Dehazing\Notebooks\checkpoints\best_epoch_051.pt
2025-10-13 23:41:56,57,0.022443,0.024586,25.0785,0.7701,0.5147,1.9265,0.5845,0.0000,True,ssim,0.770065,D:\Downloads\NSU\CSE498R\UnetDehazing\Dehazing\Notebooks\checkpoints\best_epoch_057.pt
2025-10-13 23:44:31,58,0.022375,0.024668,25.0794,0.7705,0.5094,1.9372,0.5856,0.0000,True,ssim,0.770488,D:\Downloads\NSU\CSE498R\UnetDehazing\Dehazing\Notebooks\checkpoints\best_epoch_058.pt
2025-10-13 23:47:06,59,0.022224,0.024763,24.9635,0.7679,0.5095,1.9445,0.5847,0.0000,False,ssim,0.770488,D:\Downloads\NSU\CSE498R\UnetDehazing\Dehazing\Notebooks\checkpoints\best_epoch_058.pt
2025-10-13 23:49:54,60,0.022189,0.024334,25.0974,0.7685,0.5054,1.9661,0.1419,0.0007,False,ssim,0.770488,D:\Downloads\NSU\CSE498R\UnetDehazing\Dehazing\Notebooks\checkpoints\best_epoch_058.pt
2025-10-13 23:52:29,61,0.022084,0.024272,25.0775,0.7675,0.5011,1.9787,0.3224,0.0000,False,ssim,0.770488,D:\Downloads\NSU\CSE498R\UnetDehazing\Dehazing\Notebooks\checkpoints\best_epoch_058.pt
2025-10-13 23:55:04,62,0.022037,0.024482,25.1495,0.7734,0.5148,1.9286,0.5822,0.0000,True,ssim,0.773392,D:\Downloads\NSU\CSE498R\UnetDehazing\Dehazing\Notebooks\checkpoints\best_epoch_062.pt
2025-10-13 23:57:40,63,0.021950,0.024092,25.1725,0.7718,0.5037,1.9697,0.5807,0.0000,False,ssim,0.773392,D:\Downloads\NSU\CSE498R\UnetDehazing\Dehazing\Notebooks\checkpoints\best_epoch_062.pt
2025-10-14 00:00:27,64,0.021856,0.023932,25.2643,0.7705,0.5102,1.9487,0.1569,0.0000,False,ssim,0.773392,D:\Downloads\NSU\CSE498R\UnetDehazing\Dehazing\Notebooks\checkpoints\best_epoch_062.pt
2025-10-14 00:03:02,65,0.021789,0.024142,25.1860,0.7705,0.5124,1.9407,0.5752,0.0000,False,ssim,0.773392,D:\Downloads\NSU\CSE498R\UnetDehazing\Dehazing\Notebooks\checkpoints\best_epoch_062.pt
2025-10-14 00:05:37,66,0.021748,0.023936,25.2586,0.7727,0.5112,1.9422,0.5734,0.0000,False,ssim,0.773392,D:\Downloads\NSU\CSE498R\UnetDehazing\Dehazing\Notebooks\checkpoints\best_epoch_062.pt
2025-10-14 00:08:26,67,0.021631,0.023928,25.3000,0.7714,0.5046,1.9659,0.1346,0.0002,False,ssim,0.773392,D:\Downloads\NSU\CSE498R\UnetDehazing\Dehazing\Notebooks\checkpoints\best_epoch_062.pt
2025-10-14 00:11:15,68,0.021598,0.023962,25.2965,0.7726,0.5083,1.9509,0.1337,0.0001,False,ssim,0.773392,D:\Downloads\NSU\CSE498R\UnetDehazing\Dehazing\Notebooks\checkpoints\best_epoch_062.pt
2025-10-14 00:13:50,69,0.021516,0.023842,25.2422,0.7720,0.5048,1.9653,0.4121,0.0001,False,ssim,0.773392,D:\Downloads\NSU\CSE498R\UnetDehazing\Dehazing\Notebooks\checkpoints\best_epoch_062.pt
2025-10-14 00:16:29,70,0.021432,0.023859,25.2358,0.7730,0.4988,1.9858,0.2102,0.0000,False,ssim,0.773392,D:\Downloads\NSU\CSE498R\UnetDehazing\Dehazing\Notebooks\checkpoints\best_epoch_062.pt
2025-10-14 00:19:04,71,0.021400,0.023899,25.2082,0.7723,0.5064,1.9679,0.5770,0.0000,False,ssim,0.773392,D:\Downloads\NSU\CSE498R\UnetDehazing\Dehazing\Notebooks\checkpoints\best_epoch_062.pt
2025-10-14 00:21:37,72,0.021337,0.023720,25.3546,0.7787,0.5120,1.9332,0.5799,0.0000,True,ssim,0.778658,D:\Downloads\NSU\CSE498R\UnetDehazing\Dehazing\Notebooks\checkpoints\best_epoch_072.pt
2025-10-14 00:24:11,73,0.021297,0.023718,25.2968,0.7749,0.5045,1.9620,0.5862,0.0000,False,ssim,0.778658,D:\Downloads\NSU\CSE498R\UnetDehazing\Dehazing\Notebooks\checkpoints\best_epoch_072.pt
2025-10-14 00:26:58,74,0.021195,0.023736,25.3475,0.7733,0.5047,1.9695,0.1328,0.0001,False,ssim,0.778658,D:\Downloads\NSU\CSE498R\UnetDehazing\Dehazing\Notebooks\checkpoints\best_epoch_072.pt
2025-10-14 00:29:31,75,0.021141,0.023591,25.3749,0.7772,0.5042,1.9633,0.5788,0.0000,False,ssim,0.778658,D:\Downloads\NSU\CSE498R\UnetDehazing\Dehazing\Notebooks\checkpoints\best_epoch_072.pt
2025-10-14 00:32:18,76,0.021087,0.023526,25.4314,0.7745,0.5066,1.9578,0.1363,0.0004,False,ssim,0.778658,D:\Downloads\NSU\CSE498R\UnetDehazing\Dehazing\Notebooks\checkpoints\best_epoch_072.pt
2025-10-14 00:35:02,77,0.021008,0.023486,25.4095,0.7750,0.5068,1.9621,0.1560,0.0000,False,ssim,0.778658,D:\Downloads\NSU\CSE498R\UnetDehazing\Dehazing\Notebooks\checkpoints\best_epoch_072.pt
2025-10-14 00:37:35,78,0.020971,0.023368,25.4663,0.7758,0.5094,1.9462,0.5824,0.0000,False,ssim,0.778658,D:\Downloads\NSU\CSE498R\UnetDehazing\Dehazing\Notebooks\checkpoints\best_epoch_072.pt
2025-10-14 00:40:22,79,0.020920,0.023544,25.4835,0.7755,0.5076,1.9578,0.1334,0.0010,False,ssim,0.778658,D:\Downloads\NSU\CSE498R\UnetDehazing\Dehazing\Notebooks\checkpoints\best_epoch_072.pt
2025-10-14 00:42:55,80,0.020864,0.023618,25.3616,0.7771,0.5060,1.9566,0.5813,0.0000,False,ssim,0.778658,D:\Downloads\NSU\CSE498R\UnetDehazing\Dehazing\Notebooks\checkpoints\best_epoch_072.pt
2025-10-14 00:45:41,81,0.020834,0.023388,25.4653,0.7754,0.5049,1.9614,0.1402,0.0003,False,ssim,0.778658,D:\Downloads\NSU\CSE498R\UnetDehazing\Dehazing\Notebooks\checkpoints\best_epoch_072.pt
2025-10-14 00:48:24,82,0.020752,0.023304,25.5073,0.7768,0.5091,1.9497,0.1727,0.0000,False,ssim,0.778658,D:\Downloads\NSU\CSE498R\UnetDehazing\Dehazing\Notebooks\checkpoints\best_epoch_072.pt
2025-10-14 00:50:57,83,0.020720,0.023546,25.5076,0.7825,0.5120,1.9309,0.5859,0.0000,True,ssim,0.782520,D:\Downloads\NSU\CSE498R\UnetDehazing\Dehazing\Notebooks\checkpoints\best_epoch_083.pt
2025-10-14 00:53:44,84,0.020660,0.023224,25.5207,0.7770,0.5058,1.9668,0.1348,0.0001,False,ssim,0.782520,D:\Downloads\NSU\CSE498R\UnetDehazing\Dehazing\Notebooks\checkpoints\best_epoch_083.pt
2025-10-14 00:56:31,85,0.020631,0.023170,25.5522,0.7775,0.5035,1.9702,0.1397,0.0000,False,ssim,0.782520,D:\Downloads\NSU\CSE498R\UnetDehazing\Dehazing\Notebooks\checkpoints\best_epoch_083.pt
2025-10-14 00:59:14,86,0.020553,0.023266,25.5066,0.7779,0.5062,1.9575,0.1636,0.0000,False,ssim,0.782520,D:\Downloads\NSU\CSE498R\UnetDehazing\Dehazing\Notebooks\checkpoints\best_epoch_083.pt
2025-10-14 01:02:01,87,0.020527,0.023132,25.5573,0.7782,0.5024,1.9695,0.1366,0.0004,False,ssim,0.782520,D:\Downloads\NSU\CSE498R\UnetDehazing\Dehazing\Notebooks\checkpoints\best_epoch_083.pt
2025-10-14 01:04:45,88,0.020463,0.023043,25.6323,0.7795,0.5120,1.9416,0.1653,0.0000,False,ssim,0.782520,D:\Downloads\NSU\CSE498R\UnetDehazing\Dehazing\Notebooks\checkpoints\best_epoch_083.pt
2025-10-14 01:07:31,89,0.020426,0.023067,25.5732,0.7792,0.5057,1.9640,0.1518,0.0000,False,ssim,0.782520,D:\Downloads\NSU\CSE498R\UnetDehazing\Dehazing\Notebooks\checkpoints\best_epoch_083.pt
2025-10-14 01:10:04,90,0.020390,0.023072,25.5621,0.7795,0.5072,1.9561,0.5511,0.0000,False,ssim,0.782520,D:\Downloads\NSU\CSE498R\UnetDehazing\Dehazing\Notebooks\checkpoints\best_epoch_083.pt
2025-10-14 01:12:51,91,0.020343,0.023225,25.5739,0.7778,0.5068,1.9636,0.1343,0.0008,False,ssim,0.782520,D:\Downloads\NSU\CSE498R\UnetDehazing\Dehazing\Notebooks\checkpoints\best_epoch_083.pt
2025-10-14 01:15:38,92,0.020273,0.023124,25.6107,0.7784,0.5064,1.9683,0.1337,0.0009,False,ssim,0.782520,D:\Downloads\NSU\CSE498R\UnetDehazing\Dehazing\Notebooks\checkpoints\best_epoch_083.pt
2025-10-14 01:18:11,93,0.020228,0.022815,25.6684,0.7815,0.5055,1.9586,0.5346,0.0000,False,ssim,0.782520,D:\Downloads\NSU\CSE498R\UnetDehazing\Dehazing\Notebooks\checkpoints\best_epoch_083.pt
2025-10-14 01:20:44,94,0.020219,0.022960,25.6117,0.7810,0.5078,1.9548,0.5794,0.0000,False,ssim,0.782520,D:\Downloads\NSU\CSE498R\UnetDehazing\Dehazing\Notebooks\checkpoints\best_epoch_083.pt
2025-10-14 01:23:17,95,0.020177,0.022867,25.6860,0.7835,0.5083,1.9546,0.5808,0.0000,True,ssim,0.783534,D:\Downloads\NSU\CSE498R\UnetDehazing\Dehazing\Notebooks\checkpoints\best_epoch_095.pt
2025-10-14 01:25:51,96,0.020112,0.022826,25.6833,0.7838,0.5074,1.9567,0.5705,0.0000,True,ssim,0.783820,D:\Downloads\NSU\CSE498R\UnetDehazing\Dehazing\Notebooks\checkpoints\best_epoch_096.pt
2025-10-14 01:28:32,97,0.020079,0.022833,25.6308,0.7802,0.5009,1.9829,0.1851,0.0000,False,ssim,0.783820,D:\Downloads\NSU\CSE498R\UnetDehazing\Dehazing\Notebooks\checkpoints\best_epoch_096.pt
2025-10-14 01:31:20,98,0.020039,0.023074,25.6979,0.7816,0.5076,1.9560,0.1320,0.0003,False,ssim,0.783820,D:\Downloads\NSU\CSE498R\UnetDehazing\Dehazing\Notebooks\checkpoints\best_epoch_096.pt
2025-10-14 01:34:05,99,0.020012,0.022715,25.7602,0.7823,0.5107,1.9426,0.1534,0.0000,False,ssim,0.783820,D:\Downloads\NSU\CSE498R\UnetDehazing\Dehazing\Notebooks\checkpoints\best_epoch_096.pt
2025-10-14 01:36:50,100,0.020009,0.022827,25.7110,0.7811,0.5121,1.9385,0.1545,0.0000,False,ssim,0.783820,D:\Downloads\NSU\CSE498R\UnetDehazing\Dehazing\Notebooks\checkpoints\best_epoch_096.pt
2025-10-14 01:39:32,101,0.019920,0.022707,25.7664,0.7831,0.5105,1.9445,0.1634,0.0001,False,ssim,0.783820,D:\Downloads\NSU\CSE498R\UnetDehazing\Dehazing\Notebooks\checkpoints\best_epoch_096.pt
2025-10-14 01:42:06,102,0.019904,0.022777,25.7971,0.7857,0.5139,1.9226,0.5860,0.0000,True,ssim,0.785726,D:\Downloads\NSU\CSE498R\UnetDehazing\Dehazing\Notebooks\checkpoints\best_epoch_102.pt
2025-10-14 01:44:53,103,0.019857,0.023049,25.6303,0.7819,0.5023,1.9721,0.1337,0.0002,False,ssim,0.785726,D:\Downloads\NSU\CSE498R\UnetDehazing\Dehazing\Notebooks\checkpoints\best_epoch_102.pt
2025-10-14 01:47:38,104,0.019835,0.022626,25.7766,0.7830,0.5111,1.9411,0.1514,0.0001,False,ssim,0.785726,D:\Downloads\NSU\CSE498R\UnetDehazing\Dehazing\Notebooks\checkpoints\best_epoch_102.pt
2025-10-14 01:50:25,105,0.019766,0.022893,25.7222,0.7817,0.5058,1.9607,0.1352,0.0007,False,ssim,0.785726,D:\Downloads\NSU\CSE498R\UnetDehazing\Dehazing\Notebooks\checkpoints\best_epoch_102.pt
2025-10-14 01:53:11,106,0.019750,0.022680,25.7688,0.7833,0.5095,1.9471,0.1532,0.0000,False,ssim,0.785726,D:\Downloads\NSU\CSE498R\UnetDehazing\Dehazing\Notebooks\checkpoints\best_epoch_102.pt
2025-10-14 01:55:44,107,0.019699,0.022471,25.8486,0.7866,0.5107,1.9410,0.5842,0.0000,True,ssim,0.786615,D:\Downloads\NSU\CSE498R\UnetDehazing\Dehazing\Notebooks\checkpoints\best_epoch_107.pt
2025-10-14 01:58:17,108,0.019676,0.022858,25.6969,0.7849,0.5042,1.9649,0.5846,0.0000,False,ssim,0.786615,D:\Downloads\NSU\CSE498R\UnetDehazing\Dehazing\Notebooks\checkpoints\best_epoch_107.pt
2025-10-14 02:00:50,109,0.019630,0.022658,25.8113,0.7868,0.5073,1.9554,0.5857,0.0000,True,ssim,0.786798,D:\Downloads\NSU\CSE498R\UnetDehazing\Dehazing\Notebooks\checkpoints\best_epoch_109.pt
2025-10-14 02:03:23,110,0.019609,0.022499,25.8149,0.7839,0.5011,1.9707,0.2651,0.0000,False,ssim,0.786798,D:\Downloads\NSU\CSE498R\UnetDehazing\Dehazing\Notebooks\checkpoints\best_epoch_109.pt
2025-10-14 02:06:10,111,0.019591,0.022716,25.7811,0.7824,0.5020,1.9740,0.1352,0.0006,False,ssim,0.786798,D:\Downloads\NSU\CSE498R\UnetDehazing\Dehazing\Notebooks\checkpoints\best_epoch_109.pt
2025-10-14 02:08:56,112,0.019545,0.022417,25.8627,0.7842,0.5093,1.9484,0.1364,0.0000,False,ssim,0.786798,D:\Downloads\NSU\CSE498R\UnetDehazing\Dehazing\Notebooks\checkpoints\best_epoch_109.pt
2025-10-14 02:11:43,113,0.019520,0.022503,25.8772,0.7847,0.5077,1.9516,0.1351,0.0004,False,ssim,0.786798,D:\Downloads\NSU\CSE498R\UnetDehazing\Dehazing\Notebooks\checkpoints\best_epoch_109.pt
2025-10-14 02:14:16,114,0.019481,0.022547,25.9079,0.7900,0.5161,1.9272,0.5860,0.0000,True,ssim,0.789967,D:\Downloads\NSU\CSE498R\UnetDehazing\Dehazing\Notebooks\checkpoints\best_epoch_114.pt
2025-10-14 02:16:57,115,0.019452,0.022301,25.9081,0.7858,0.5098,1.9480,0.1937,0.0000,False,ssim,0.789967,D:\Downloads\NSU\CSE498R\UnetDehazing\Dehazing\Notebooks\checkpoints\best_epoch_114.pt
2025-10-14 02:19:29,116,0.019406,0.022308,25.8894,0.7860,0.5059,1.9584,0.3087,0.0000,False,ssim,0.789967,D:\Downloads\NSU\CSE498R\UnetDehazing\Dehazing\Notebooks\checkpoints\best_epoch_114.pt
2025-10-14 02:22:16,117,0.019372,0.022442,25.8953,0.7865,0.5116,1.9434,0.1343,0.0000,False,ssim,0.789967,D:\Downloads\NSU\CSE498R\UnetDehazing\Dehazing\Notebooks\checkpoints\best_epoch_114.pt
2025-10-14 02:24:49,118,0.019352,0.022502,25.8404,0.7874,0.5137,1.9372,0.5785,0.0000,False,ssim,0.789967,D:\Downloads\NSU\CSE498R\UnetDehazing\Dehazing\Notebooks\checkpoints\best_epoch_114.pt
2025-10-14 02:27:36,119,0.019330,0.022367,25.8720,0.7850,0.5034,1.9662,0.1396,0.0000,False,ssim,0.789967,D:\Downloads\NSU\CSE498R\UnetDehazing\Dehazing\Notebooks\checkpoints\best_epoch_114.pt
2025-10-14 02:30:22,120,0.019302,0.022357,25.8828,0.7858,0.5031,1.9690,0.1483,0.0000,False,ssim,0.789967,D:\Downloads\NSU\CSE498R\UnetDehazing\Dehazing\Notebooks\checkpoints\best_epoch_114.pt
2025-10-14 02:32:55,121,0.019252,0.022368,25.8616,0.7888,0.5087,1.9498,0.5328,0.0000,False,ssim,0.789967,D:\Downloads\NSU\CSE498R\UnetDehazing\Dehazing\Notebooks\checkpoints\best_epoch_114.pt
2025-10-14 02:35:42,122,0.019229,0.022331,25.8968,0.7848,0.5077,1.9565,0.1367,0.0001,False,ssim,0.789967,D:\Downloads\NSU\CSE498R\UnetDehazing\Dehazing\Notebooks\checkpoints\best_epoch_114.pt
2025-10-14 02:38:15,123,0.019225,0.022245,25.9503,0.7872,0.5135,1.9329,0.4011,0.0000,False,ssim,0.789967,D:\Downloads\NSU\CSE498R\UnetDehazing\Dehazing\Notebooks\checkpoints\best_epoch_114.pt
2025-10-14 02:40:48,124,0.019166,0.022590,25.8740,0.7890,0.5149,1.9259,0.5849,0.0000,False,ssim,0.789967,D:\Downloads\NSU\CSE498R\UnetDehazing\Dehazing\Notebooks\checkpoints\best_epoch_114.pt
2025-10-14 02:43:35,125,0.019163,0.022216,25.9743,0.7874,0.5087,1.9482,0.1313,0.0002,False,ssim,0.789967,D:\Downloads\NSU\CSE498R\UnetDehazing\Dehazing\Notebooks\checkpoints\best_epoch_114.pt
2025-10-14 02:46:08,126,0.019104,0.022278,25.9175,0.7866,0.5029,1.9675,0.5735,0.0000,False,ssim,0.789967,D:\Downloads\NSU\CSE498R\UnetDehazing\Dehazing\Notebooks\checkpoints\best_epoch_114.pt
2025-10-14 02:48:41,127,0.019097,0.022139,26.0110,0.7898,0.5117,1.9364,0.5723,0.0000,False,ssim,0.789967,D:\Downloads\NSU\CSE498R\UnetDehazing\Dehazing\Notebooks\checkpoints\best_epoch_114.pt
2025-10-14 02:51:26,128,0.019063,0.022197,25.9690,0.7874,0.5097,1.9506,0.1561,0.0000,False,ssim,0.789967,D:\Downloads\NSU\CSE498R\UnetDehazing\Dehazing\Notebooks\checkpoints\best_epoch_114.pt
2025-10-14 02:53:59,129,0.019067,0.022057,25.9956,0.7888,0.5074,1.9514,0.2427,0.0000,False,ssim,0.789967,D:\Downloads\NSU\CSE498R\UnetDehazing\Dehazing\Notebooks\checkpoints\best_epoch_114.pt
2025-10-14 02:56:32,130,0.019016,0.022192,25.9598,0.7879,0.5118,1.9373,0.4877,0.0000,False,ssim,0.789967,D:\Downloads\NSU\CSE498R\UnetDehazing\Dehazing\Notebooks\checkpoints\best_epoch_114.pt
2025-10-14 02:59:05,131,0.018995,0.022234,25.9804,0.7883,0.5187,1.9199,0.5723,0.0000,False,ssim,0.789967,D:\Downloads\NSU\CSE498R\UnetDehazing\Dehazing\Notebooks\checkpoints\best_epoch_114.pt
2025-10-14 03:01:52,132,0.018931,0.022106,26.0021,0.7878,0.5080,1.9475,0.1356,0.0000,False,ssim,0.789967,D:\Downloads\NSU\CSE498R\UnetDehazing\Dehazing\Notebooks\checkpoints\best_epoch_114.pt
2025-10-14 03:04:25,133,0.018930,0.022114,25.9664,0.7882,0.5042,1.9669,0.5380,0.0000,False,ssim,0.789967,D:\Downloads\NSU\CSE498R\UnetDehazing\Dehazing\Notebooks\checkpoints\best_epoch_114.pt
2025-10-14 03:07:12,134,0.018904,0.022117,26.0041,0.7877,0.5059,1.9608,0.1338,0.0011,False,ssim,0.789967,D:\Downloads\NSU\CSE498R\UnetDehazing\Dehazing\Notebooks\checkpoints\best_epoch_114.pt
2025-10-14 03:09:46,135,0.018891,0.022156,25.9643,0.7900,0.5089,1.9541,0.5771,0.0000,True,ssim,0.790036,D:\Downloads\NSU\CSE498R\UnetDehazing\Dehazing\Notebooks\checkpoints\best_epoch_135.pt
2025-10-14 03:12:32,136,0.018867,0.022244,25.9526,0.7875,0.5119,1.9387,0.1389,0.0002,False,ssim,0.790036,D:\Downloads\NSU\CSE498R\UnetDehazing\Dehazing\Notebooks\checkpoints\best_epoch_135.pt
2025-10-14 03:15:18,137,0.018851,0.022023,26.0225,0.7883,0.5056,1.9624,0.1506,0.0000,False,ssim,0.790036,D:\Downloads\NSU\CSE498R\UnetDehazing\Dehazing\Notebooks\checkpoints\best_epoch_135.pt
2025-10-14 03:17:51,138,0.018803,0.022058,26.0264,0.7909,0.5105,1.9439,0.5884,0.0000,True,ssim,0.790948,D:\Downloads\NSU\CSE498R\UnetDehazing\Dehazing\Notebooks\checkpoints\best_epoch_138.pt
2025-10-14 03:20:37,139,0.018804,0.022302,25.8957,0.7884,0.5078,1.9550,0.1400,0.0002,False,ssim,0.790948,D:\Downloads\NSU\CSE498R\UnetDehazing\Dehazing\Notebooks\checkpoints\best_epoch_138.pt
2025-10-14 03:23:10,140,0.018773,0.021993,26.0429,0.7912,0.5047,1.9599,0.5811,0.0000,True,ssim,0.791234,D:\Downloads\NSU\CSE498R\UnetDehazing\Dehazing\Notebooks\checkpoints\best_epoch_140.pt
2025-10-14 03:25:43,141,0.018738,0.021997,26.0249,0.7904,0.5050,1.9631,0.5795,0.0000,False,ssim,0.791234,D:\Downloads\NSU\CSE498R\UnetDehazing\Dehazing\Notebooks\checkpoints\best_epoch_140.pt
2025-10-14 03:28:27,142,0.018701,0.021976,26.0414,0.7888,0.5080,1.9534,0.1653,0.0000,False,ssim,0.791234,D:\Downloads\NSU\CSE498R\UnetDehazing\Dehazing\Notebooks\checkpoints\best_epoch_140.pt
2025-10-14 03:31:01,143,0.018701,0.021898,26.0832,0.7908,0.5087,1.9492,0.2365,0.0000,False,ssim,0.791234,D:\Downloads\NSU\CSE498R\UnetDehazing\Dehazing\Notebooks\checkpoints\best_epoch_140.pt
2025-10-14 03:33:34,144,0.018683,0.021926,26.0469,0.7902,0.5067,1.9561,0.2593,0.0000,False,ssim,0.791234,D:\Downloads\NSU\CSE498R\UnetDehazing\Dehazing\Notebooks\checkpoints\best_epoch_140.pt
2025-10-14 03:36:07,145,0.018657,0.022580,25.8974,0.7895,0.5176,1.9212,0.5787,0.0000,False,ssim,0.791234,D:\Downloads\NSU\CSE498R\UnetDehazing\Dehazing\Notebooks\checkpoints\best_epoch_140.pt
2025-10-14 03:38:40,146,0.019792,0.022010,26.0342,0.7907,0.5067,1.9561,0.5901,0.0000,False,ssim,0.791234,D:\Downloads\NSU\CSE498R\UnetDehazing\Dehazing\Notebooks\checkpoints\best_epoch_140.pt
2025-10-14 03:41:18,147,0.018580,0.021919,26.0351,0.7895,0.5029,1.9671,0.2066,0.0000,False,ssim,0.791234,D:\Downloads\NSU\CSE498R\UnetDehazing\Dehazing\Notebooks\checkpoints\best_epoch_140.pt
2025-10-14 03:43:51,148,0.018442,0.021788,26.1197,0.7928,0.5085,1.9556,0.5601,0.0000,True,ssim,0.792750,D:\Downloads\NSU\CSE498R\UnetDehazing\Dehazing\Notebooks\checkpoints\best_epoch_148.pt
2025-10-14 03:46:24,149,0.018443,0.022033,26.0613,0.7927,0.5122,1.9348,0.5789,0.0000,False,ssim,0.792750,D:\Downloads\NSU\CSE498R\UnetDehazing\Dehazing\Notebooks\checkpoints\best_epoch_148.pt
2025-10-14 03:48:57,150,0.018469,0.022033,26.0879,0.7941,0.5140,1.9295,0.5816,0.0000,True,ssim,0.794115,D:\Downloads\NSU\CSE498R\UnetDehazing\Dehazing\Notebooks\checkpoints\best_epoch_150.pt
2025-10-14 03:51:30,151,0.018485,0.021880,26.1004,0.7922,0.5124,1.9381,0.5803,0.0000,False,ssim,0.794115,D:\Downloads\NSU\CSE498R\UnetDehazing\Dehazing\Notebooks\checkpoints\best_epoch_150.pt
2025-10-14 03:54:17,152,0.018481,0.021883,26.1236,0.7906,0.5062,1.9604,0.1351,0.0001,False,ssim,0.794115,D:\Downloads\NSU\CSE498R\UnetDehazing\Dehazing\Notebooks\checkpoints\best_epoch_150.pt
2025-10-14 03:56:50,153,0.018522,0.022076,26.0782,0.7952,0.5076,1.9501,0.5829,0.0000,True,ssim,0.795249,D:\Downloads\NSU\CSE498R\UnetDehazing\Dehazing\Notebooks\checkpoints\best_epoch_153.pt
2025-10-14 03:59:23,154,0.018486,0.021980,26.0830,0.7936,0.5089,1.9485,0.5803,0.0000,False,ssim,0.795249,D:\Downloads\NSU\CSE498R\UnetDehazing\Dehazing\Notebooks\checkpoints\best_epoch_153.pt
2025-10-14 04:01:57,155,0.018460,0.021837,26.1242,0.7928,0.5101,1.9446,0.5845,0.0000,False,ssim,0.795249,D:\Downloads\NSU\CSE498R\UnetDehazing\Dehazing\Notebooks\checkpoints\best_epoch_153.pt
2025-10-14 04:04:30,156,0.018463,0.021967,26.0375,0.7925,0.5076,1.9544,0.5507,0.0000,False,ssim,0.795249,D:\Downloads\NSU\CSE498R\UnetDehazing\Dehazing\Notebooks\checkpoints\best_epoch_153.pt
2025-10-14 04:07:03,157,0.018443,0.021853,26.0824,0.7915,0.5047,1.9638,0.5324,0.0000,False,ssim,0.795249,D:\Downloads\NSU\CSE498R\UnetDehazing\Dehazing\Notebooks\checkpoints\best_epoch_153.pt
2025-10-14 04:09:36,158,0.018384,0.021792,26.1077,0.7917,0.5063,1.9578,0.4236,0.0000,False,ssim,0.795249,D:\Downloads\NSU\CSE498R\UnetDehazing\Dehazing\Notebooks\checkpoints\best_epoch_153.pt
2025-10-14 04:12:23,159,0.018402,0.021836,26.1463,0.7918,0.5107,1.9422,0.1344,0.0006,False,ssim,0.795249,D:\Downloads\NSU\CSE498R\UnetDehazing\Dehazing\Notebooks\checkpoints\best_epoch_153.pt
2025-10-14 04:15:10,160,0.018372,0.021965,26.1764,0.7924,0.5150,1.9300,0.1325,0.0002,False,ssim,0.795249,D:\Downloads\NSU\CSE498R\UnetDehazing\Dehazing\Notebooks\checkpoints\best_epoch_153.pt
2025-10-14 04:17:58,161,0.018351,0.022148,25.9276,0.7911,0.5082,1.9580,0.1352,0.0002,False,ssim,0.795249,D:\Downloads\NSU\CSE498R\UnetDehazing\Dehazing\Notebooks\checkpoints\best_epoch_153.pt
2025-10-14 04:20:30,162,0.018338,0.021775,26.1572,0.7936,0.5088,1.9436,0.4167,0.0000,False,ssim,0.795249,D:\Downloads\NSU\CSE498R\UnetDehazing\Dehazing\Notebooks\checkpoints\best_epoch_153.pt
2025-10-14 04:23:03,163,0.018323,0.021814,26.1060,0.7943,0.5011,1.9758,0.5787,0.0000,False,ssim,0.795249,D:\Downloads\NSU\CSE498R\UnetDehazing\Dehazing\Notebooks\checkpoints\best_epoch_153.pt
2025-10-14 04:25:36,164,0.018296,0.021945,26.0981,0.7949,0.5111,1.9390,0.5841,0.0000,False,ssim,0.795249,D:\Downloads\NSU\CSE498R\UnetDehazing\Dehazing\Notebooks\checkpoints\best_epoch_153.pt
2025-10-14 04:28:09,165,0.018276,0.021841,26.1893,0.7962,0.5094,1.9418,0.5835,0.0000,True,ssim,0.796217,D:\Downloads\NSU\CSE498R\UnetDehazing\Dehazing\Notebooks\checkpoints\best_epoch_165.pt
2025-10-14 04:30:57,166,0.018239,0.021955,26.0930,0.7922,0.5102,1.9477,0.1339,0.0000,False,ssim,0.796217,D:\Downloads\NSU\CSE498R\UnetDehazing\Dehazing\Notebooks\checkpoints\best_epoch_165.pt
2025-10-14 04:33:30,167,0.018227,0.021768,26.1943,0.7943,0.5135,1.9265,0.5757,0.0000,False,ssim,0.796217,D:\Downloads\NSU\CSE498R\UnetDehazing\Dehazing\Notebooks\checkpoints\best_epoch_165.pt
2025-10-14 04:36:17,168,0.018216,0.021704,26.2227,0.7930,0.5125,1.9355,0.1310,0.0005,False,ssim,0.796217,D:\Downloads\NSU\CSE498R\UnetDehazing\Dehazing\Notebooks\checkpoints\best_epoch_165.pt
2025-10-14 04:38:50,169,0.018200,0.021705,26.1911,0.7946,0.5088,1.9469,0.5812,0.0000,False,ssim,0.796217,D:\Downloads\NSU\CSE498R\UnetDehazing\Dehazing\Notebooks\checkpoints\best_epoch_165.pt
2025-10-14 04:41:23,170,0.018185,0.021858,26.1729,0.7950,0.5140,1.9309,0.5803,0.0000,False,ssim,0.796217,D:\Downloads\NSU\CSE498R\UnetDehazing\Dehazing\Notebooks\checkpoints\best_epoch_165.pt
2025-10-14 04:43:56,171,0.018151,0.021767,26.1768,0.7960,0.5085,1.9523,0.5814,0.0000,False,ssim,0.796217,D:\Downloads\NSU\CSE498R\UnetDehazing\Dehazing\Notebooks\checkpoints\best_epoch_165.pt
2025-10-14 04:46:43,172,0.018151,0.021901,26.2114,0.7935,0.5087,1.9488,0.1306,0.0003,False,ssim,0.796217,D:\Downloads\NSU\CSE498R\UnetDehazing\Dehazing\Notebooks\checkpoints\best_epoch_165.pt
2025-10-14 04:49:30,173,0.018117,0.021704,26.2129,0.7944,0.5123,1.9393,0.1377,0.0001,False,ssim,0.796217,D:\Downloads\NSU\CSE498R\UnetDehazing\Dehazing\Notebooks\checkpoints\best_epoch_165.pt
2025-10-14 04:52:03,174,0.018111,0.021661,26.1876,0.7940,0.5113,1.9456,0.4475,0.0000,False,ssim,0.796217,D:\Downloads\NSU\CSE498R\UnetDehazing\Dehazing\Notebooks\checkpoints\best_epoch_165.pt
2025-10-14 04:54:35,175,0.018074,0.021602,26.2360,0.7962,0.5102,1.9436,0.5830,0.0000,False,ssim,0.796217,D:\Downloads\NSU\CSE498R\UnetDehazing\Dehazing\Notebooks\checkpoints\best_epoch_165.pt
2025-10-14 04:57:21,176,0.018069,0.021712,26.1559,0.7925,0.5016,1.9755,0.1374,0.0001,False,ssim,0.796217,D:\Downloads\NSU\CSE498R\UnetDehazing\Dehazing\Notebooks\checkpoints\best_epoch_165.pt
2025-10-14 05:00:36,177,0.018061,0.021612,26.2256,0.7940,0.5068,1.9516,0.1399,0.0000,False,ssim,0.796217,D:\Downloads\NSU\CSE498R\UnetDehazing\Dehazing\Notebooks\checkpoints\best_epoch_165.pt
2025-10-14 05:03:37,178,0.018031,0.021694,26.1843,0.7952,0.5119,1.9405,0.5831,0.0000,False,ssim,0.796217,D:\Downloads\NSU\CSE498R\UnetDehazing\Dehazing\Notebooks\checkpoints\best_epoch_165.pt
2025-10-14 05:06:23,179,0.018039,0.021652,26.2470,0.7943,0.5099,1.9396,0.1542,0.0000,False,ssim,0.796217,D:\Downloads\NSU\CSE498R\UnetDehazing\Dehazing\Notebooks\checkpoints\best_epoch_165.pt
2025-10-14 05:08:57,180,0.018012,0.021681,26.2308,0.7962,0.5128,1.9332,0.5821,0.0000,False,ssim,0.796217,D:\Downloads\NSU\CSE498R\UnetDehazing\Dehazing\Notebooks\checkpoints\best_epoch_165.pt
2025-10-14 05:11:45,181,0.017985,0.021632,26.2474,0.7945,0.5135,1.9319,0.1340,0.0005,False,ssim,0.796217,D:\Downloads\NSU\CSE498R\UnetDehazing\Dehazing\Notebooks\checkpoints\best_epoch_165.pt
2025-10-14 05:14:33,182,0.017971,0.021603,26.2396,0.7951,0.5062,1.9598,0.1315,0.0000,False,ssim,0.796217,D:\Downloads\NSU\CSE498R\UnetDehazing\Dehazing\Notebooks\checkpoints\best_epoch_165.pt
2025-10-14 05:17:16,183,0.017954,0.021516,26.2451,0.7940,0.5069,1.9617,0.1667,0.0000,False,ssim,0.796217,D:\Downloads\NSU\CSE498R\UnetDehazing\Dehazing\Notebooks\checkpoints\best_epoch_165.pt
2025-10-14 05:19:49,184,0.017947,0.021651,26.1923,0.7954,0.5072,1.9529,0.5786,0.0000,False,ssim,0.796217,D:\Downloads\NSU\CSE498R\UnetDehazing\Dehazing\Notebooks\checkpoints\best_epoch_165.pt
2025-10-14 05:22:24,185,0.017905,0.021476,26.2657,0.7950,0.5068,1.9523,0.2498,0.0000,False,ssim,0.796217,D:\Downloads\NSU\CSE498R\UnetDehazing\Dehazing\Notebooks\checkpoints\best_epoch_165.pt
2025-10-14 05:25:12,186,0.017923,0.021566,26.2461,0.7943,0.5070,1.9551,0.1327,0.0006,False,ssim,0.796217,D:\Downloads\NSU\CSE498R\UnetDehazing\Dehazing\Notebooks\checkpoints\best_epoch_165.pt
2025-10-14 05:27:46,187,0.017895,0.021618,26.2873,0.7974,0.5131,1.9317,0.5825,0.0000,True,ssim,0.797380,D:\Downloads\NSU\CSE498R\UnetDehazing\Dehazing\Notebooks\checkpoints\best_epoch_187.pt
2025-10-14 05:30:34,188,0.017884,0.021488,26.2447,0.7948,0.5046,1.9659,0.1395,0.0000,False,ssim,0.797380,D:\Downloads\NSU\CSE498R\UnetDehazing\Dehazing\Notebooks\checkpoints\best_epoch_187.pt
2025-10-14 05:33:09,189,0.017844,0.021518,26.2671,0.7961,0.5104,1.9473,0.5794,0.0000,False,ssim,0.797380,D:\Downloads\NSU\CSE498R\UnetDehazing\Dehazing\Notebooks\checkpoints\best_epoch_187.pt
2025-10-14 05:35:57,190,0.017838,0.021485,26.2790,0.7955,0.5089,1.9502,0.1383,0.0000,False,ssim,0.797380,D:\Downloads\NSU\CSE498R\UnetDehazing\Dehazing\Notebooks\checkpoints\best_epoch_187.pt
2025-10-14 05:38:32,191,0.017827,0.021618,26.2680,0.7985,0.5112,1.9398,0.5837,0.0000,True,ssim,0.798536,D:\Downloads\NSU\CSE498R\UnetDehazing\Dehazing\Notebooks\checkpoints\best_epoch_191.pt
2025-10-14 05:41:06,192,0.017836,0.021506,26.2550,0.7958,0.5084,1.9491,0.3058,0.0000,False,ssim,0.798536,D:\Downloads\NSU\CSE498R\UnetDehazing\Dehazing\Notebooks\checkpoints\best_epoch_191.pt
2025-10-14 05:43:56,193,0.017788,0.021725,26.2369,0.7951,0.5046,1.9621,0.1326,0.0006,False,ssim,0.798536,D:\Downloads\NSU\CSE498R\UnetDehazing\Dehazing\Notebooks\checkpoints\best_epoch_191.pt
2025-10-14 05:46:30,194,0.017781,0.021507,26.2304,0.7949,0.5053,1.9597,0.4468,0.0000,False,ssim,0.798536,D:\Downloads\NSU\CSE498R\UnetDehazing\Dehazing\Notebooks\checkpoints\best_epoch_191.pt
2025-10-14 05:49:05,195,0.017763,0.021549,26.2633,0.7982,0.5085,1.9481,0.5853,0.0000,False,ssim,0.798536,D:\Downloads\NSU\CSE498R\UnetDehazing\Dehazing\Notebooks\checkpoints\best_epoch_191.pt
2025-10-14 05:51:39,196,0.017740,0.021582,26.2965,0.7980,0.5135,1.9307,0.5842,0.0000,False,ssim,0.798536,D:\Downloads\NSU\CSE498R\UnetDehazing\Dehazing\Notebooks\checkpoints\best_epoch_191.pt
2025-10-14 05:54:14,197,0.017715,0.021521,26.2877,0.7969,0.5094,1.9433,0.5777,0.0000,False,ssim,0.798536,D:\Downloads\NSU\CSE498R\UnetDehazing\Dehazing\Notebooks\checkpoints\best_epoch_191.pt
2025-10-14 05:56:48,198,0.017718,0.021523,26.2743,0.7963,0.5138,1.9341,0.3345,0.0000,False,ssim,0.798536,D:\Downloads\NSU\CSE498R\UnetDehazing\Dehazing\Notebooks\checkpoints\best_epoch_191.pt
2025-10-14 05:59:37,199,0.017688,0.021484,26.2472,0.7944,0.5032,1.9679,0.1286,0.0000,False,ssim,0.798536,D:\Downloads\NSU\CSE498R\UnetDehazing\Dehazing\Notebooks\checkpoints\best_epoch_191.pt
2025-10-14 06:02:25,200,0.017709,0.021572,26.2126,0.7955,0.5092,1.9516,0.1363,0.0000,False,ssim,0.798536,D:\Downloads\NSU\CSE498R\UnetDehazing\Dehazing\Notebooks\checkpoints\best_epoch_191.pt
